,ID,Charge,Pickup Lon,Pickup Lat,Dropoff Lon,Dropoff Lat,Passenger Count,Date Formatted Final,Temp (F),Humidity %,Description,Temp Summary
0,255755,14.5,-73.99991,40.718183,-73.977532,40.784513,2,1313809320,67.53,96,Mist,60-79
1,46313624,29.85,-73.885273,40.772765,-73.973114,40.758444,1,1242894757,64.0,44,Clear,60-79
2,18866625,3.7,-73.966533,40.754462,-73.97715699999998,40.758735,1,1283930365,71.89,78,Clear,60-79
3,1188000,4.1,-73.975705,40.748777,-73.97825999999998,40.741437,1,1276038660,66.36,47,Clouds,60-79
4,14914224,4.9,-73.99394000000002,40.74800000000001,-73.996426,40.739656,1,1271604370,52.29,46,Clouds,40-59
5,37983164,9.0,-73.974827,40.755297,0.0,0.0,1,1351711440,49.51,62,Clouds,40-59
6,2297962,7.0,-73.953875,40.775062,-73.96546500000002,40.758957,6,1363195320,48.87,41,Clouds,40-59
7,54137443,20.1,-73.958013,40.800931,-73.98874,40.731523,1,1242502065,68.29,81,Haze,60-79
8,53590931,6.9,-74.007212,40.741326,-73.99239,40.751686,1,1315007440,69.93,73,Clear,60-79
9,28289069,22.5,-73.97721999999997,40.72578,-73.95089,40.66982,3,1415497800,47.03,49,Clear,40-59
10,5268245,23.0,-73.974949,40.777627,-73.92373,40.761121,4,1393767145,37.27,44,Clouds,20-39
11,19708831,17.5,-73.985437,40.763825,-73.984685,40.76349,2,1315419300,68.31,91,Rain,60-79
12,23955097,6.5,-73.98003387451173,40.72239685058594,-73.9902572631836,40.714519500732415,1,1428277086,56.95,38,Clouds,40-59
13,39496330,4.9,-73.965992,40.789826,-73.967563,40.787779,2,1323172708,54.03,96,Rain,40-59
14,14644066,9.0,-73.985178,40.731612,-74.002099,40.723169,1,1361632750,37.44,93,Mist,20-39
15,14644066,9.0,-73.985178,40.731612,-74.002099,40.723169,1,1361632750,44.56,58,Clouds,40-59
16,20272151,8.5,-73.988277,40.731612,-73.989652,40.751835,1,1355630477,37.44,93,Mist,20-39
17,20272151,8.5,-73.988277,40.731612,-73.989652,40.751835,1,1355630477,44.56,58,Clouds,40-59
18,53449475,35.07,-73.98281800000002,40.760118,-73.885465,40.773102,5,1285060200,58.08,52,Clear,40-59
19,29675389,4.9,-73.987985,40.718927,-73.976935,40.722387,1,1235105940,27.32,38,Clouds,20-39
20,24398919,4.9,-73.955567,40.768202,-73.964348,40.767402,1,1264930500,16.5,47,Clear,0-19
21,12876078,11.0,-74.01647,40.705632,-73.997077,40.72266,6,1380270600,57.43,83,Clouds,40-59
22,34981453,7.7,-73.984278,40.75480200000001,-74.005672,40.742122,1,1239751620,43.18,87,Rain,40-59
23,28432919,11.0,-73.9905,40.712575,-73.99018000000002,40.712605,1,1407926400,69.8,89,Rain,60-79
24,3585401,5.7,-73.960392,40.76942,-73.951397,40.785702,1,1240481580,43.47,66,Clear,40-59
25,14130573,7.0,-73.97727900000002,40.758325,-73.967258,40.766173,2,1407494377,65.1,66,Clear,60-79
26,37716790,6.5,-74.009772,40.72087,-74.002012,40.724285,1,1334660460,70.32,49,Clear,60-79
27,4503953,5.7,-74.005009,40.74163400000001,-73.99169,40.735186,4,1262444398,27.25,58,Clouds,20-39
28,24803944,10.0,-73.99163,40.737692,-74.010778,40.72009600000001,1,1360887836,39.81,70,Clear,20-39
29,33676105,12.0,-73.970607,40.76759000000001,-74.008267,40.734125,5,1347289740,68.58,50,Clear,60-79
30,14491771,9.3,-73.978717,40.74093,-73.989231,40.76354,2,1341701629,78.39,67,Clouds,60-79
31,41163125,8.0,-73.987555,40.720037,-74.002297,40.729555,3,1361026680,35.6,69,Clouds,20-39
32,5554879,12.9,-73.98155,40.6652,-74.03074699999998,40.62511,2,1341101861,85.69,46,Clear,80-99
33,12771243,7.7,-73.98880600000003,40.731256,-73.98616899999998,40.751817,1,1312083961,79.0,53,Clear,60-79
34,18433108,13.3,-73.9481,40.7787,-73.9889,40.7339,1,1309022046,72.46,70,Clouds,60-79
35,16732941,9.3,-73.983262,40.771336,-73.985487,40.74013400000001,3,1245444951,75.9,62,Clouds,60-79
36,6575332,36.5,-73.87533499999998,40.773685,-73.98603299999998,40.663155,1,1348612320,69.19,54,Clouds,60-79
37,24150426,12.9,-73.988612,40.72273,-74.004205,40.742183,1,1315955280,73.9,67,Clouds,60-79
38,38574572,12.5,-73.97814699999998,40.772935,-73.977652,40.752348,3,1259171164,50.31,88,Mist,40-59
39,13088062,8.5,-73.98605,40.76023,-73.975462,40.745032,1,1292962260,37.35,46,Clear,20-39
40,35238422,7.7,-73.98230699999998,40.768465,-73.96984499999998,40.788086,1,1304338047,52.97,70,Clouds,40-59
41,6027309,9.0,-74.006354,40.744706,-73.984888,40.768615,2,1380659731,79.5,40,Clouds,60-79
42,32253704,6.5,-73.99436,40.666497,-73.991417,40.755527,1,1346241720,68.23,59,Clear,60-79
43,51635002,41.83,-73.98619000000002,40.757912,-73.86495500000002,40.770478,1,1393924490,14.34,45,Clear,0-19
44,50972008,24.5,-73.939705,40.751126,-73.975049,40.679907,1,1313755395,73.2,78,Clouds,60-79
45,46673679,4.5,-73.986302,40.740088,-73.978762,40.73444,1,1245540420,64.92,98,Mist,60-79
46,40536441,7.5,-74.00281,40.733575,-74.00988000000002,40.720767,1,1393702500,37.54,34,Clear,20-39
47,25132273,7.7,-73.99165500000002,40.750176,-74.010243,40.720043,1,1240762223,87.57,31,Clear,80-99
48,4144812,7.7,-73.978185,40.752447,-73.997813,40.754085,2,1343983200,76.91,82,Clear,60-79
49,51435997,6.9,-73.97625500000002,40.77645,-73.95609,40.771997,1,1298232540,36.84,33,Clear,20-39
50,4612532,3.3,-73.987452,40.724505,-73.98363499999998,40.725815,1,1287273720,56.73,47,Clear,40-59
51,54875470,4.5,-73.976812,40.754597,-73.98496,40.757243,5,1327347660,44.44,93,Rain,40-59
52,22680296,4.1,-73.97226500000002,40.786406,-73.979925,40.775789,1,1315771296,66.33,71,Clouds,60-79
53,32324453,9.7,-73.995693,40.722237,-73.964777,40.71045,1,1298496900,40.05,24,Clear,40-59
54,49159305,12.0,-73.999209,40.719966,-73.997602,40.69124,2,1397955696,59.47,27,Clear,40-59
55,4591954,8.0,-73.992515,40.745407,-73.976062,40.74893400000001,1,1380230407,66.72,64,Clouds,60-79
56,54929007,12.0,-73.99035,40.756052,-73.97574,40.756342,1,1369913340,74.61,72,Haze,60-79
57,3610450,11.0,-73.980722,40.748042,-73.95255999999998,40.77244,1,1391025960,22.06,28,Clear,20-39
58,5487188,17.0,-73.966766,40.804144,-73.989482,40.757589,1,1371765266,73.76,49,Clear,60-79
59,25196604,15.5,-73.989878,40.739302,-73.982562,40.771626,1,1414179892,62.6,51,Clouds,60-79
60,45746981,10.1,-73.968418,40.761413,-73.99261,40.730363,5,1290629460,48.13,26,Clear,40-59
61,7131326,6.9,-73.981474,40.73313,-73.976265,40.715822,1,1243794278,80.62,31,Clear,80-99
62,29377859,7.7,-73.97494499999998,40.750453,-73.953585,40.779513,0,1331673352,73.71,47,Clouds,60-79
63,18240476,4.9,-73.983283,40.73869000000001,-73.974549,40.751696,1,1344247287,75.24,91,Rain,60-79
64,18943948,3.3,-74.01466500000002,40.71308,-74.01466500000002,40.71308,2,1345175520,76.1,58,Clear,60-79
65,37304111,9.7,-73.978877,40.720184,-74.004385,40.741676,1,1337246372,57.4,65,Clouds,40-59
66,17525214,5.0,-73.963494,40.757656,-73.965132,40.763551,1,1396177890,46.18,93,Mist,40-59
67,54140823,4.0,-73.98718000000002,40.760762,-73.991157,40.763717,2,1389796020,40.84,85,Mist,40-59
68,39682678,5.5,-73.983179,40.747552,-73.981724,40.755331,1,1363166772,40.17,71,Clear,40-59
69,33296437,5.7,-73.96908499999998,40.765082,-73.955084,40.779231,1,1324729781,30.4,59,Clouds,20-39
70,29682274,10.5,-73.967217,40.772297,-73.983165,40.744635,1,1275157800,75.92,61,Clouds,60-79
71,32278578,14.5,-73.984175,40.737367,-73.979478,40.785397,1,1234875240,25.61,61,Clear,20-39
72,6144136,4.1,-73.98785699999998,40.728647,-73.97909,40.725008,1,1231708260,30.72,63,Snow,20-39
73,23218700,5.5,-73.95500200000002,40.774172,-73.962647,40.767042,1,1402906500,66.54,69,Clear,60-79
74,19545768,12.9,-74.007735,40.72564000000001,-73.96849300000002,40.754186,1,1285263935,76.96,46,Clear,60-79
75,53449253,10.1,-73.95044200000002,40.779764,-73.981735,40.73672,1,1317245078,70.0,83,Mist,60-79
76,42385629,6.0,-73.978227,40.757258,-73.991182,40.743921,1,1359583023,53.1,85,Clouds,40-59
77,27051612,16.5,-73.776781,40.645401,-73.792715,40.690829,1,1356252513,37.45,51,Clouds,20-39
78,52627915,13.0,-73.98575100000002,40.738143,-74.01175,40.707933,1,1360881962,42.82,50,Clear,40-59
79,30119193,12.5,-73.985729,40.746945,-74.007639,40.745837,2,1392371900,31.87,87,Snow,20-39
80,54035492,11.0,-73.999365,40.728177,-73.981607,40.741075,1,1361672340,36.01,93,Mist,20-39
81,3519361,10.5,-73.980863,40.759982,-73.963008,40.798475,2,1326746820,34.18,43,Clear,20-39
82,26643311,18.5,-73.990645,40.756563,-73.945164,40.838322,1,1250638802,84.9,61,Rain,80-99
83,12211308,10.5,-73.992072,40.750236,-74.010068,40.71126,1,1233651190,33.82,88,Snow,20-39
84,15382927,6.9,-73.96342299999998,40.774267,-73.947905,40.771087,1,1331798820,44.74,86,Clouds,40-59
85,50900838,5.7,-73.962688,40.757685,-73.964842,40.763745,1,1294070880,32.58,44,Clear,20-39
86,18999238,8.0,-73.982099,40.76642800000001,-73.99061800000001,40.761154,1,1400604204,75.06,22,Clear,60-79
87,14369081,3.3,-73.952691,40.786418,-73.957109,40.782712,1,1272556679,62.58,23,Clear,60-79
88,2440025,5.3,-73.989418,40.741858,-73.990943,40.729827,1,1290438000,51.4,79,Clouds,40-59
89,24650015,6.5,-73.986814,40.73404,-73.97385799999998,40.750446,1,1301659930,36.05,92,Mist,20-39
90,33093142,8.1,-73.952855,40.791799,-73.966145,40.807298,1,1259942161,49.12,50,Clear,40-59
91,43222353,8.1,-73.977986,40.751204,-73.993905,40.761662,1,1277401710,90.12,49,Rain,80-99
92,5384542,19.5,-73.972002,40.797798,-73.995368,40.749732,1,1362838519,40.39,53,Clear,40-59
93,31806900,15.3,-73.985253,40.723672,-73.955063,40.735876,1,1273280793,60.91,64,Clear,60-79
94,23754664,6.5,-73.957447,40.780127,-73.96697900000002,40.760029,2,1282599557,62.67,90,Mist,60-79
95,33648140,15.0,-73.98585,40.756467,-74.01373199999998,40.714617,1,1371458160,70.25,77,Clear,60-79
96,41847625,6.5,-73.975698,40.749288,-73.986485,40.736935,1,1239823380,55.33,34,Rain,40-59
97,35345778,5.3,-73.975252,40.749032,-73.959983,40.75567,5,1234738440,39.51,31,Clear,20-39
98,49133776,4.9,-73.98729,40.770262,-73.981613,40.778833,1,1256239620,72.09,39,Clear,60-79
99,17968475,20.9,-73.983572,40.76560300000001,-73.92385999999998,40.868508,1,1245557415,64.47,94,Mist,60-79
100,55293226,19.0,-73.985178,40.747497,-74.01018499999998,40.708952,1,1371924540,81.3,42,Clear,80-99
101,49872745,20.5,-73.976197,40.748505,-73.90724499999997,40.770417,5,1381471980,61.11,74,Rain,60-79
102,21897642,5.3,-73.972802,40.748925,-73.97842800000002,40.736773,6,1253540700,65.34,70,Clouds,60-79
103,21306809,10.5,-73.988282,40.737818,-74.011222,40.714382,2,1251220080,79.12,56,Clouds,60-79
104,11518892,8.9,-73.970451,40.786096,-73.953755,40.819546,2,1340050254,67.91,62,Clear,60-79
105,55412943,7.0,-73.96351623535155,40.77437210083008,-73.96206665039062,40.763614654541016,6,1435175650,82.26,39,Clear,80-99
106,28403720,4.5,-73.947466,40.775595,-73.95544699999998,40.764518,1,1336501261,63.39,69,Clouds,60-79
107,9100255,9.7,-73.920964,40.74366,-73.960678,40.761629,1,1323946407,47.01,72,Clouds,40-59
108,6644341,9.0,-73.983878,40.726197,-74.00484,40.706985,1,1395442440,50.07,28,Clear,40-59
109,43554464,14.1,-73.990437,40.737023,-74.007147,40.706842,4,1308506700,75.85,42,Clear,60-79
110,54383207,6.5,-73.948677,40.7978,-73.956461,40.776537,1,1341078349,94.06,29,Clear,80-99
111,17623781,8.9,-74.00281700000002,40.733679,-73.980834,40.725664,1,1245800768,72.16,78,Rain,60-79
112,7506318,11.3,-73.98934,40.730532,-73.957252,40.765908,3,1261916040,48.79,93,Clouds,40-59
113,21948809,6.5,-74.01143499999998,40.720512,-74.01033000000002,40.732012,4,1348250400,72.21,53,Clouds,60-79
114,43988576,3.7,-73.99986,40.720354,-73.996432,40.723776,4,1292358724,22.69,45,Clouds,20-39
115,29423235,9.7,-73.963145,40.794262,-73.981688,40.765588,1,1239195900,39.31,60,Clouds,20-39
116,16247074,8.0,-74.00687099999998,40.71601,-73.994052,40.731295,1,1402658633,65.01,95,Mist,60-79
117,16247074,8.0,-74.00687099999998,40.71601,-73.994052,40.731295,1,1402658633,53.55,73,Clear,40-59
118,2885972,9.5,-73.99624200000002,40.71601,-73.98855999999998,40.731335,1,1398166380,65.01,95,Mist,60-79
119,2885972,9.5,-73.99624200000002,40.71601,-73.98855999999998,40.731335,1,1398166380,53.55,73,Clear,40-59
120,9135988,6.9,0.0,0.0,0.0,0.0,1,1248674640,74.01,74,Clouds,60-79
121,9135988,6.9,0.0,0.0,0.0,0.0,1,1248674640,83.19,79,Clouds,80-99
122,9135988,6.9,0.0,0.0,0.0,0.0,1,1248674640,82.06,81,Clouds,80-99
123,9135988,6.9,0.0,0.0,0.0,0.0,1,1248674640,81.45,77,Clouds,80-99
124,9135988,6.9,0.0,0.0,0.0,0.0,1,1248674640,80.82,85,Rain,80-99
125,9135988,6.9,0.0,0.0,0.0,0.0,1,1248674640,76.48,90,Rain,60-79
126,3422298,11.3,0.0,0.0,0.0,0.0,1,1333825463,74.01,74,Clouds,60-79
127,3422298,11.3,0.0,0.0,0.0,0.0,1,1333825463,83.19,79,Clouds,80-99
128,3422298,11.3,0.0,0.0,0.0,0.0,1,1333825463,82.06,81,Clouds,80-99
129,3422298,11.3,0.0,0.0,0.0,0.0,1,1333825463,81.45,77,Clouds,80-99
130,3422298,11.3,0.0,0.0,0.0,0.0,1,1333825463,80.82,85,Rain,80-99
131,3422298,11.3,0.0,0.0,0.0,0.0,1,1333825463,76.48,90,Rain,60-79
132,6347313,20.6,0.0,0.0,0.0,0.0,1,1237087045,74.01,74,Clouds,60-79
133,6347313,20.6,0.0,0.0,0.0,0.0,1,1237087045,83.19,79,Clouds,80-99
134,6347313,20.6,0.0,0.0,0.0,0.0,1,1237087045,82.06,81,Clouds,80-99
135,6347313,20.6,0.0,0.0,0.0,0.0,1,1237087045,81.45,77,Clouds,80-99
136,6347313,20.6,0.0,0.0,0.0,0.0,1,1237087045,80.82,85,Rain,80-99
137,6347313,20.6,0.0,0.0,0.0,0.0,1,1237087045,76.48,90,Rain,60-79
138,45971265,4.9,0.0,0.0,0.0,0.0,1,1330993440,74.01,74,Clouds,60-79
139,45971265,4.9,0.0,0.0,0.0,0.0,1,1330993440,83.19,79,Clouds,80-99
140,45971265,4.9,0.0,0.0,0.0,0.0,1,1330993440,82.06,81,Clouds,80-99
141,45971265,4.9,0.0,0.0,0.0,0.0,1,1330993440,81.45,77,Clouds,80-99
142,45971265,4.9,0.0,0.0,0.0,0.0,1,1330993440,80.82,85,Rain,80-99
143,45971265,4.9,0.0,0.0,0.0,0.0,1,1330993440,76.48,90,Rain,60-79
144,46165760,16.0,0.0,0.0,0.0,0.0,1,1398070740,74.01,74,Clouds,60-79
145,46165760,16.0,0.0,0.0,0.0,0.0,1,1398070740,83.19,79,Clouds,80-99
146,46165760,16.0,0.0,0.0,0.0,0.0,1,1398070740,82.06,81,Clouds,80-99
147,46165760,16.0,0.0,0.0,0.0,0.0,1,1398070740,81.45,77,Clouds,80-99
148,46165760,16.0,0.0,0.0,0.0,0.0,1,1398070740,80.82,85,Rain,80-99
149,46165760,16.0,0.0,0.0,0.0,0.0,1,1398070740,76.48,90,Rain,60-79
150,10809652,27.4,0.0,0.0,0.0,0.0,0,1386469965,74.01,74,Clouds,60-79
151,10809652,27.4,0.0,0.0,0.0,0.0,0,1386469965,83.19,79,Clouds,80-99
152,10809652,27.4,0.0,0.0,0.0,0.0,0,1386469965,82.06,81,Clouds,80-99
153,10809652,27.4,0.0,0.0,0.0,0.0,0,1386469965,81.45,77,Clouds,80-99
154,10809652,27.4,0.0,0.0,0.0,0.0,0,1386469965,80.82,85,Rain,80-99
155,10809652,27.4,0.0,0.0,0.0,0.0,0,1386469965,76.48,90,Rain,60-79
156,4990946,8.5,-73.98230799999997,40.771597,-73.957741,40.771045,1,1249507687,78.78,71,Rain,60-79
157,3893770,6.5,-73.99901,40.754723,-73.988885,40.751828,1,1331037120,27.66,48,Clear,20-39
158,28769193,8.1,-74.013132,40.70338,-73.99454200000002,40.71352,1,1248430080,64.74,94,Clouds,60-79
159,28730000,35.0,-73.99039459228516,40.75605392456055,-73.8716812133789,40.77399826049805,1,1421170805,25.14,43,Clear,20-39
160,47555674,7.3,-73.98101199999998,40.76015,-73.96085500000002,40.773313,1,1317721920,48.99,91,Clear,40-59
161,23081376,20.1,-73.954053,40.775305,-73.91689699999998,40.872435,1,1308682440,77.68,64,Clouds,60-79
162,20938538,10.0,-73.991123,40.755982,-74.00195500000002,40.737875,1,1403367120,73.78,39,Clear,60-79
163,14427321,7.5,-73.97224,40.755007,-73.991647,40.748902,1,1402444860,73.65,77,Clouds,60-79
164,6353416,10.5,-73.984063,40.737595,-73.97569200000002,40.759837,1,1397818620,35.82,67,Clouds,20-39
165,11384607,12.1,-73.99435,40.724769,-74.011719,40.701464,1,1315142853,76.03,75,Clear,60-79
166,23039116,5.0,-73.976442,40.744027,-73.985472,40.731687,1,1394403240,43.16,26,Clear,40-59
167,46551747,57.33,-73.954178,40.778108,-73.790409,40.646691,1,1387551101,46.44,54,Clear,40-59
168,5408061,9.0,-73.962787,40.778467,-73.979077,40.762165,4,1414780860,53.87,52,Clouds,40-59
169,53167632,4.0,-73.989936,40.761514,-73.98690699999999,40.760414,1,1416179946,44.56,49,Clouds,40-59
170,30356022,5.0,-73.97345,40.748552,-73.966167,40.754582,6,1412415840,63.25,86,Rain,60-79
171,28215419,6.0,-73.995295,40.754725,-73.999255,40.74025200000001,1,1412515680,49.33,51,Clear,40-59
172,8837638,6.1,-73.976623,40.755796,-73.98745,40.763184,1,1297415591,19.8,54,Clear,0-19
173,6739717,6.1,-73.987553,40.75649,-73.988947,40.747545,2,1256820180,50.32,79,Clouds,40-59
174,6381477,12.1,-73.96340500000002,40.761973,-73.983335,40.721987,1,1252845540,67.46,83,Clear,60-79
175,31380703,6.1,-73.954788,40.765775,-73.97053299999997,40.758225,1,1246974120,74.46,64,Clear,60-79
176,25471496,23.3,-73.990447,40.717962,-73.9833,40.765553,1,1284865750,60.98,84,Clear,60-79
177,13523039,13.0,-73.98497009277344,40.74150085449219,-73.98059844970702,40.76780700683594,3,1421952435,38.28,50,Clouds,20-39
178,47965512,8.1,-73.98487800000002,40.732497,-73.987803,40.75650200000001,6,1342229040,78.85,70,Rain,60-79
179,1545200,9.0,-73.98305400000002,40.781633,-73.96906899999998,40.767166,1,1359362680,30.2,48,Clouds,20-39
180,7468381,6.1,-73.969725,40.79962,-73.97020699999999,40.785373,2,1335695980,45.52,41,Clear,40-59
181,52586196,6.0,-73.973679,40.762809,-73.987353,40.753287,1,1396694646,42.6,84,Clouds,40-59
182,24054975,17.7,-73.99951800000002,40.761357,-74.011377,40.708323,1,1346057880,72.21,87,Clouds,60-79
183,51266253,5.0,-73.946835,40.772467,-73.954187,40.772885,1,1355819280,44.62,94,Rain,40-59
184,8519277,7.5,-73.985672,40.773455,-73.99029,40.751936,1,1355290552,39.42,54,Clear,20-39
185,53345245,4.5,-74.006875,40.735642,-73.999177,40.739978,1,1292195040,49.98,87,Rain,40-59
186,7595774,16.9,-74.013886,40.713912,-73.977182,40.754857,1,1290009616,58.53,65,Mist,40-59
187,29901011,8.1,-73.98881,40.730941,-73.964484,40.756356,1,1274577197,67.12,67,Rain,60-79
188,46383721,7.0,-73.99661254882812,40.74140167236328,-73.99407958984375,40.74925994873047,1,1428580540,37.45,85,Clouds,20-39
189,27940153,8.9,-73.982407,40.766207,-73.961947,40.77983,5,1309272660,79.23,63,Clouds,60-79
190,8281002,12.5,-73.972387,40.750735,-73.994223,40.754147,1,1374594778,82.62,69,Clouds,80-99
191,29433371,14.5,-73.982155,40.778655,-73.991823,40.725398,5,1266660360,36.03,67,Clouds,20-39
192,2108510,7.7,-73.992072,40.729165,-73.982713,40.782312,5,1284592020,65.41,57,Clear,60-79
193,24655841,4.5,-73.965007,40.769922,-73.970347,40.76219,1,1414051080,52.27,80,Rain,40-59
194,14656155,7.3,-73.776933,40.64615,-73.981718,40.76325,2,1284251520,66.94,65,Clouds,60-79
195,26246530,6.1,-73.984615,40.768598,-73.97675500000003,40.780798,4,1269720840,41.2,34,Clear,40-59
196,1056975,6.1,-73.998727,40.723335,-73.98309499999998,40.73161500000001,5,1328697480,32.4,49,Clear,20-39
197,39335709,7.0,-74.001757,40.756162,-74.000697,40.761835,1,1364657640,51.78,38,Clouds,40-59
198,26852754,8.5,-73.952737,40.768517,-73.969486,40.785424,1,1249654820,70.66,58,Clear,60-79
199,45971647,5.3,-73.971756,40.761192,-73.962141,40.767718,1,1328004956,35.2,60,Clouds,20-39
200,36667990,10.9,-73.95217,40.784072,-73.990122,40.76185200000001,1,1344109200,87.44,56,Clear,80-99
201,41889095,4.5,-74.000912,40.725918,-73.991557,40.729715,5,1271918760,53.62,87,Clouds,40-59
202,52880206,5.5,-73.962915,40.769467,-73.957449,40.761836,1,1234288606,45.73,67,Clouds,40-59
203,32617706,9.0,-73.97969300000003,40.746232,-73.990975,40.724372,1,1408223400,77.32,45,Clouds,60-79
204,9930785,10.1,-74.009342,40.711078,-73.99773,40.741232,1,1302773100,43.36,97,Clouds,40-59
205,24453235,8.5,-73.99081,40.756045,-73.97310300000002,40.753612,1,1297762140,29.01,42,Clear,20-39
206,10500109,6.1,-73.95528900000002,40.788545,-73.963452,40.768771,1,1250351764,84.51,50,Mist,80-99
207,54947614,15.5,-74.000179,40.721132,-73.985826,40.755634,1,1370263019,69.64,93,Rain,60-79
208,10822160,9.3,-73.978143,40.736591,-73.98441700000002,40.753875,1,1265359868,30.81,42,Clear,20-39
209,30090127,7.5,-73.992922,40.751505,-73.982372,40.768922,6,1368733740,78.58,33,Clear,60-79
210,6844228,7.5,-73.988052,40.733647,-74.0013,40.73389,1,1364998860,37.06,34,Clear,20-39
211,7247696,18.5,-73.987145,40.77092,-73.983858,40.722162,2,1290630000,47.95,26,Clear,40-59
212,42997455,9.5,-73.985453,40.747442,-74.006088,40.725422,1,1361869980,37.09,72,Clear,20-39
213,24000215,7.7,-73.986364,40.744575,-73.999224,40.74934,1,1309352324,70.52,77,Clear,60-79
214,24461689,12.5,-73.967751,40.751943,-73.9894,40.74684,1,1399971247,68.58,77,Clear,60-79
215,21354063,27.47,-73.997166,40.736767,-73.87035,40.773532,1,1268027129,48.56,45,Clear,40-59
216,23049469,17.0,-73.97826385498048,40.763347625732415,-73.97435760498048,40.75408935546875,1,1431690884,58.51,53,Clear,40-59
217,37298486,5.0,-73.98221,40.77184000000001,-73.9859,40.77702,5,1415087580,54.14,30,Clouds,40-59
218,41461989,3.5,-73.96793199999998,40.762632,-73.962795,40.759982,1,1402751400,69.94,72,Clouds,60-79
219,34408116,10.0,-73.967215,40.80343,-73.976295,40.780767,1,1361214840,32.09,28,Clear,20-39
220,43199383,7.7,-73.985008,40.73627000000001,-73.971653,40.762265,1,1239379500,55.78,43,Haze,40-59
221,25582981,11.5,-73.978771,40.766648,-73.954228,40.774555,1,1354909595,45.19,81,Rain,40-59
222,45999859,8.9,-73.982218,40.763098,-73.970713,40.793443,1,1250355360,86.34,47,Clear,80-99
223,51416243,6.5,-74.00704499999998,40.72876,-73.994597,40.75055,1,1239629760,41.45,32,Clear,40-59
224,48338937,6.9,-73.982057,40.74625,-73.99201,40.74942,1,1259665020,36.32,61,Clear,20-39
225,4756218,24.5,-73.950121,40.785674,-73.89313299999998,40.859949,1,1363083112,48.36,89,Rain,40-59
226,2442729,4.5,-73.96469,40.773463,-73.95676800000003,40.78598,2,1250285160,81.14,63,Clear,80-99
227,47651994,9.5,-73.979802,40.746145,-74.004316,40.74227,1,1392590032,28.53,42,Clouds,20-39
228,20035881,6.5,-73.958076,40.782405,-73.959608,40.769297,1,1356113512,43.29,61,Rain,40-59
229,49934915,26.67,-73.984535,40.728851,-73.871651,40.774271,1,1269802357,45.16,80,Rain,40-59
230,30218215,13.3,-73.953707,40.7845,-73.991618,40.750519,1,1279180404,73.45,88,Clouds,60-79
231,23222915,11.3,-74.00281,40.749822,-74.000692,40.740842,1,1247109360,68.49,59,Clear,60-79
232,21924773,7.0,-73.99385500000002,40.74589,-73.980788,40.748142,1,1347393000,72.93,36,Clear,60-79
233,52700865,16.1,-73.137393,41.366138,-73.137393,41.366138,1,1277761074,81.27,88,Clouds,80-99
234,49139689,10.5,-73.966363,40.794155,-73.95397,40.77018,1,1349526824,66.45,73,Clear,60-79
235,54687188,27.5,-73.7835,40.64868,-73.85709,40.72466,1,1413665280,68.0,40,Clouds,60-79
236,42377475,9.5,-73.9948,40.72777,-73.97890500000003,40.74998,6,1350831600,56.21,57,Clear,40-59
237,39070119,8.0,-73.95304,40.772049,-73.972316,40.764698,1,1364671107,57.11,26,Clouds,40-59
238,5324110,14.5,-73.931213,40.765852,-73.96956,40.753772,4,1365065220,34.61,45,Clear,20-39
239,25983693,9.3,-73.993117,40.74541,-73.999988,40.720648,1,1332072840,46.81,90,Haze,40-59
240,42734747,4.5,-73.978177,40.753753,-73.972515,40.76039,1,1240516020,55.53,38,Clouds,40-59
241,9070985,17.3,-73.9659,40.805083,-74.00666700000002,40.736946,1,1295095584,25.11,65,Clear,20-39
242,10262891,17.3,-73.95939399999997,40.766714,-74.000822,40.728421,1,1261498669,34.27,51,Clear,20-39
243,9791983,16.9,-74.004062,40.73154,-73.983262,40.730322,1,1332283080,63.75,78,Clear,60-79
244,40358868,13.0,-73.992025,40.694962,-74.012302,40.707217,1,1378757280,71.35,49,Clouds,60-79
245,36904876,19.0,-73.992902,40.768267,-74.006012,40.70613,1,1395211080,33.13,73,Clear,20-39
246,35866133,12.5,-73.78970699999998,40.646832,-73.795862,40.667587,2,1397331240,60.85,51,Clouds,60-79
247,10525318,11.0,-73.999633,40.733845,-73.98374100000002,40.755331,2,1356716301,37.58,54,Clear,20-39
248,6609234,3.3,-73.98984300000002,40.767372,-73.985047,40.773897,1,1250593188,75.51,64,Clear,60-79
249,50319292,3.7,-74.008023,40.740469,-74.00681999999998,40.735551,1,1258161749,53.8,82,Rain,40-59
250,12790920,17.0,-73.96141300000002,40.811802,-73.97934000000002,40.768475,2,1387317273,26.94,82,Snow,20-39
251,32961221,9.3,-73.988199,40.758152,-74.002583,40.72632,1,1273080974,79.2,30,Clear,60-79
252,16656242,6.1,-73.945153,40.793748,-73.96691,40.793548,0,1301209623,29.64,43,Clear,20-39
253,5668128,6.5,-73.99035699999997,40.751085,-73.989743,40.756587,3,1393957620,28.38,37,Clear,20-39
254,30071078,4.5,-73.997163,40.736885,-73.99731,40.744992,1,1296072300,32.43,85,Mist,20-39
255,28123134,11.0,-73.920202,40.743572,-73.960943,40.761142,1,1367114460,57.81,33,Clouds,40-59
256,18447076,9.5,-73.973602,40.752823,-73.96091,40.779294,1,1361301173,44.6,74,Rain,40-59
257,5503537,36.54,-73.86280822753906,40.76911544799805,-73.98545837402342,40.73501968383789,1,1429467890,57.15,41,Clouds,40-59
258,36891010,8.1,-73.967372,40.752598,-73.980743,40.758177,5,1286188920,54.21,76,Rain,40-59
259,53807247,6.1,-73.97038,40.76215300000001,-73.98230500000003,40.77231,5,1278193980,88.11,29,Haze,80-99
260,27295057,57.33,-73.789505,40.646737,-73.972442,40.756185,1,1385105280,48.2,81,Clouds,40-59
261,7851273,4.9,-73.964116,40.767874,-73.957723,40.765216,1,1296809898,23.79,68,Clear,20-39
262,9042423,8.1,-73.971747,40.74622700000001,-73.971002,40.764975,1,1271951760,60.96,49,Clouds,60-79
263,36017092,7.7,-73.98490699999998,40.724215,-74.005922,40.733097,1,1280026980,88.61,57,Clear,80-99
264,25840667,12.5,-73.9884033203125,40.72732925415039,-74.01270294189453,40.70214080810547,2,1431445588,83.14,51,Clouds,80-99
265,8630790,11.0,-73.981499,40.773733,-73.985844,40.7525,1,1396377853,56.39,34,Clear,40-59
266,25942362,10.5,-73.98762099999998,40.693869,-73.953262,40.71593,1,1375299502,79.45,48,Clouds,60-79
267,7171187,8.5,-73.97506800000002,40.761763,-73.99390600000002,40.734236,2,1258147806,52.23,80,Rain,40-59
268,16085569,9.7,-73.97833,40.763627,-73.96909000000002,40.796107,1,1272124560,63.12,23,Clear,60-79
269,35781273,10.9,-73.968427,40.791453,-73.99134000000002,40.750404,1,1237724216,37.44,55,Clouds,20-39
270,47401836,6.9,-73.965757,40.771063,-73.953027,40.788667,1,1244123992,57.85,91,Clouds,40-59
271,47991348,10.0,-73.974405,40.750977,-73.960265,40.769592,5,1405450740,73.9,92,Rain,60-79
272,45581761,7.0,-73.96385500000002,40.761342,-73.97672,40.743592,1,1370529060,70.3,54,Clear,60-79
273,4848393,10.5,-73.96479797363281,40.76023864746094,-73.94685363769531,40.78421020507813,1,1426704286,36.01,33,Clouds,20-39
274,25524159,4.1,-73.9532,40.78689,-73.95800799999998,40.769409,1,1244752355,61.09,97,Mist,60-79
275,24291839,5.0,-73.975225,40.752601,-73.98989499999998,40.756821,1,1389023760,46.98,86,Rain,40-59
276,1357476,9.5,-73.97388000000002,40.754317,-73.993262,40.724462,1,1378442940,64.47,41,Clear,60-79
277,38142686,8.5,-73.96791999999998,40.76263,-73.98074,40.779805,5,1343339340,89.8,58,Clear,80-99
278,13219871,16.5,-73.996378,40.722092,-73.921563,40.745348,1,1285291080,68.88,74,Clear,60-79
279,2498673,31.83,-73.973738,40.74383,-73.864226,40.769922,1,1397216493,57.67,49,Clear,40-59
280,8478282,4.9,-73.981415,40.755596,-73.98951600000002,40.74484,1,1262941176,30.52,85,Snow,20-39
281,28522695,16.0,-74.007675,40.740765,-73.97515200000002,40.764097,4,1354148220,36.34,55,Clear,20-39
282,48418890,8.5,-73.993967,40.75133,-73.974533,40.75685,1,1327422900,51.82,58,Clear,40-59
283,50622549,16.1,-73.977367,40.752025,-73.94844599999998,40.771511,1,1252963354,75.79,48,Clouds,60-79
284,36134284,6.1,-73.957592,40.76955,-73.964738,40.77333,5,1305704700,55.99,97,Mist,40-59
285,52375020,6.5,-73.966698,40.757997,-73.977337,40.7585,1,1387829700,52.18,91,Rain,40-59
286,20396351,7.7,-73.97264799999998,40.76472,-73.991225,40.75035,1,1232213220,16.2,41,Snow,0-19
287,48722547,6.9,-73.98261,40.767065,-73.98857,40.776602,1,1321980300,48.4,80,Mist,40-59
288,40733216,6.5,-73.98123000000002,40.763265,-73.98898,40.751682,1,1349871300,53.71,95,Mist,40-59
289,52175733,4.0,-73.989751,40.729535,-73.984316,40.725621,1,1374712967,76.08,46,Clouds,60-79
290,29336314,4.9,-74.000047,40.714432,-73.998962,40.72140200000001,1,1340855520,74.46,47,Clear,60-79
291,4346990,4.1,-73.987799,40.728511,-73.99467299999998,40.724851,1,1308240485,74.55,54,Clear,60-79
292,52858005,25.3,-73.97234300000002,40.75798,-74.01301,40.739907,1,1328800500,39.6,57,Clear,20-39
293,15425328,28.67,-73.872963,40.774108,-73.99469,40.747062,3,1257628380,51.44,46,Clouds,40-59
294,3893677,10.1,-73.984382,40.72878,-74.013812,40.714827,1,1303892940,61.38,93,Mist,60-79
295,1460574,7.7,-73.9575,40.770217,-73.969285,40.785282,1,1324402800,45.05,51,Clouds,40-59
296,38998395,49.8,-73.983027,40.761893,-73.789919,40.646968,3,1328594996,43.14,59,Clear,40-59
297,26476435,6.0,-73.98159,40.768447,-73.98155799999998,40.77604,1,1384623060,60.3,46,Clear,60-79
298,28799900,6.5,-73.980744,40.76752800000001,-73.972123,40.75628,1,1414341318,61.12,37,Clouds,60-79
299,34264446,10.0,-74.008752,40.716102,-74.00288499999998,40.749362,2,1391860311,22.48,44,Clear,20-39
300,34397328,45.0,-73.984515,40.760845,-73.782718,40.644128,2,1255446600,57.43,72,Clouds,40-59
301,38272798,4.5,-73.977808,40.746155,-73.968462,40.754682,1,1332674400,46.2,70,Clouds,40-59
302,27771026,24.9,-73.99945699999998,40.733573,-73.92179,40.776827,1,1296592080,28.81,86,Mist,20-39
303,23315235,6.0,-73.978245,40.734392,-73.990247,40.733812,6,1389452640,52.47,94,Rain,40-59
304,27813985,9.7,-73.96133499999998,40.760273,-73.98931800000003,40.73525,1,1235159580,32.7,33,Clouds,20-39
305,50240613,15.0,-73.968574,40.76315,-73.963043,40.798521,1,1356530423,29.1,63,Clear,20-39
306,18423901,5.3,-73.99081,40.74455,-74.003237,40.738957,2,1244325300,74.1,66,Clouds,60-79
307,21380791,16.0,-73.98038482666014,40.76517868041992,-74.01548767089844,40.71543884277344,1,1425579989,20.21,89,Snow,20-39
308,37352650,14.0,-73.99413,40.690274,-73.964066,40.710289,1,1378584526,79.12,27,Clear,60-79
309,11620248,5.7,-73.982927,40.761495,-73.982853,40.769067,1,1320172140,53.06,56,Clear,40-59
310,15179542,22.0,-73.98342895507811,40.73029708862305,-73.9564895629883,40.65232467651367,1,1423277670,25.57,43,Clear,20-39
311,30619746,10.5,-73.960691,40.769921,-73.963224,40.803753,1,1245949749,75.52,68,Clouds,60-79
312,43763963,6.9,-73.961444,40.779013,-73.977891,40.764601,3,1268496575,42.93,86,Rain,40-59
313,53830237,30.5,-73.948402,40.782272,-73.99157199999998,40.726577,5,1382141280,62.47,43,Clear,60-79
314,25305868,8.1,-74.00589699999998,40.742892,-73.9876,40.728657,1,1329601440,46.98,39,Clouds,40-59
315,1968397,5.3,-73.968693,40.801727,-73.975363,40.793617,5,1300617540,35.51,48,Clear,20-39
316,33538068,7.3,-74.00144300000002,40.717695,-74.00144300000002,40.717695,1,1303050840,53.71,53,Clouds,40-59
317,51688057,5.3,-73.96889200000003,40.754326,-73.98470999999998,40.760194,1,1234160919,37.58,47,Clear,20-39
318,29971752,4.5,-73.98746700000002,40.750512,-73.98364000000002,40.752075,5,1363496280,33.87,80,Rain,20-39
319,47302027,8.1,-73.978815,40.772496,-73.985661,40.74715,1,1276511703,62.6,92,Mist,60-79
320,26368638,11.0,-74.011317,40.702646,-74.005318,40.725631,1,1366130340,60.82,63,Clouds,60-79
321,24962344,11.3,-73.9797,40.7464,-74.0153,40.7146,1,1315463291,64.67,99,Rain,60-79
322,49213482,8.0,-73.97282,40.758573,-73.96457,40.763742,1,1417455344,63.05,51,Rain,60-79
323,37722274,7.7,-73.970807,40.763872,-73.97483000000003,40.753122,6,1311260520,73.38,88,Mist,60-79
324,49175863,13.8,-73.982576,40.768976,-73.999706,40.72851,2,1237672012,44.6,33,Clear,40-59
325,12372283,8.5,-73.97891700000002,40.75883,-73.953925,40.779197,2,1254260280,62.78,55,Clouds,60-79
326,44968432,11.7,-73.992367,40.724732,-73.97386,40.764557,1,1240603660,68.13,32,Clear,60-79
327,36722003,18.0,-73.977757,40.74218,-74.00664499999998,40.709057,1,1363907040,37.6,34,Clouds,20-39
328,27614259,9.0,-73.977938,40.757364,-73.99730600000002,40.746765,1,1408016714,63.21,62,Clear,60-79
329,27174587,10.9,-73.970537,40.796627,-73.942565,40.823672,1,1311613620,75.47,59,Clouds,60-79
330,39214034,3.0,-73.97573,40.77652,-73.97662,40.77534,1,1404749940,84.87,52,Clear,80-99
331,42986430,12.9,-73.954112,40.766448,-73.991005,40.751245,1,1266938280,36.03,93,Rain,20-39
332,17324388,6.5,-73.982613,40.731157,-73.983995,40.746393,3,1243423980,54.03,86,Clouds,40-59
333,27189126,10.1,-73.952939,40.771987,-73.97706600000002,40.733845,1,1246617947,67.3,85,Clouds,60-79
334,40607108,4.1,-73.95321700000002,40.775933,-73.950175,40.783956,2,1258315308,65.97,70,Clouds,60-79
335,34597347,49.57,-73.78353100000002,40.648624,-73.992796,40.723907,1,1254846373,62.33,43,Clouds,60-79
336,30064822,9.3,-73.97950300000002,40.750068,-73.980847,40.721385,2,1249762380,75.7,44,Clear,60-79
337,14135365,12.5,-73.954785,40.76967,-73.991957,40.749567,5,1402257240,83.26,34,Clear,80-99
338,42770209,19.0,-74.01498000000002,40.709042,-73.973394,40.752858,1,1365055583,35.6,38,Clear,20-39
339,39903219,6.0,-73.961848,40.755706,-73.975049,40.75173,2,1412260959,63.14,71,Clouds,60-79
340,32317084,9.0,-73.98807525634766,40.754695892333984,-73.97675323486328,40.73918533325195,1,1426148528,43.21,43,Clear,40-59
341,48411002,4.9,-73.998762,40.745378,-73.988752,40.736638,2,1312080420,81.21,50,Clouds,80-99
342,30044863,4.5,-73.98413000000002,40.740457,-73.981837,40.746212,6,1391762580,26.71,59,Clouds,20-39
343,3203369,10.1,-73.965292,40.766492,-73.991095,40.751052,2,1326195240,37.33,73,Rain,20-39
344,11931716,24.0,-73.98145500000003,40.753642,-74.011702,40.71412700000001,6,1367240580,53.56,71,Rain,40-59
345,49536164,57.33,-73.783299,40.648684,-74.001409,40.733492,2,1411082163,71.26,52,Clouds,60-79
346,2977758,14.5,-73.99647,40.74272,-73.9734,40.76087,1,1415357580,47.08,66,Clouds,40-59
347,43791593,7.3,-73.991555,40.727354,-74.002266,40.738532,1,1250162113,70.29,87,Rain,60-79
348,15934032,5.3,-73.981217,40.781155,-73.96883000000003,40.795988,1,1332074640,47.37,89,Mist,40-59
349,37154610,4.9,-73.974367,40.793785,-73.982535,40.782392,1,1323798780,46.6,44,Clear,40-59
350,51052227,4.9,-73.998184,40.740684,-73.99408199999998,40.731409,1,1313601058,79.47,58,Clouds,60-79
351,2196053,10.5,-73.973462,40.763762,-74.00601999999998,40.742227,1,1326201720,37.63,78,Clear,20-39
352,21046214,8.5,-73.99342800000002,40.751637,-73.97894000000002,40.776692,3,1333368780,42.85,76,Rain,40-59
353,3356383,15.3,-73.983868,40.761277,-74.015538,40.709917,2,1270333680,50.29,81,Clouds,40-59
354,53070150,3.7,-73.99481999999998,40.744614,-73.98776,40.740007,1,1324309503,38.12,61,Clear,20-39
355,13436037,6.5,-73.984651,40.748289,-73.992995,40.725447,2,1244950388,62.71,87,Rain,60-79
356,6518532,5.0,-73.978437,40.753982,-73.97051,40.752587,1,1404131520,74.1,70,Clear,60-79
357,18410543,5.3,-73.96977,40.765437,-73.956758,40.783658,1,1308398340,65.14,90,Haze,60-79
358,51577629,14.9,-73.990062,40.756503,-74.01469300000002,40.714184,1,1274085725,56.08,66,Clear,40-59
359,32571163,5.8,-73.98199699999998,40.749166,-73.967461,40.752432,1,1236110895,24.75,35,Clear,20-39
360,11241801,8.5,-73.947687,40.775195,-73.966588,40.767157,1,1241105340,58.44,37,Clouds,40-59
361,45552524,9.7,-73.991576,40.750273,-73.96494100000002,40.772461,1,1306398418,64.92,87,Mist,60-79
362,41060274,11.0,-73.99096,40.760795,-73.97787199999998,40.74657,1,1402262040,81.68,36,Clear,80-99
363,7300876,2.9,-73.993157,40.697322,-73.993145,40.693698,2,1242895020,61.66,50,Clear,60-79
364,38324868,8.5,-73.991725,40.722394,-73.974097,40.730638,1,1259199884,50.54,100,Mist,40-59
365,50889539,57.33,-73.78035,40.647377,-73.983902,40.758045,5,1389430440,47.25,94,Mist,40-59
366,13175906,11.3,-73.992345,40.758287,-73.952507,40.77253,2,1341003120,92.07,40,Clear,80-99
367,4136490,9.7,-73.954338,40.77024,-73.97999300000002,40.765722,6,1317196140,68.38,98,Mist,60-79
368,39645664,22.5,-74.00783,40.741112,-73.94144200000002,40.843713,1,1270363138,48.58,93,Mist,40-59
369,47774419,8.9,-73.995293,40.734238,-73.977953,40.7534,1,1244024040,61.03,91,Mist,60-79
370,17096353,16.1,-73.952565,40.776462,-74.003917,40.732913,1,1279330328,82.06,66,Clear,80-99
371,8802789,18.5,-73.918756,40.743526,-73.982283,40.731208,1,1364635692,41.22,62,Clear,40-59
372,43900321,6.9,-73.977153,40.742923,-73.985618,40.752675,1,1249327140,81.36,61,Clouds,80-99
373,27175940,17.7,-73.978955,40.781301,-73.99873199999998,40.73945,4,1289481651,44.82,58,Clear,40-59
374,2379700,5.3,-73.97835699999997,40.744858,-73.974385,40.756545,5,1244795400,65.12,99,Mist,60-79
375,31347965,5.0,-73.95584869384766,40.776065826416016,-73.94448852539062,40.77994155883789,1,1421275223,30.99,61,Clouds,20-39
376,8689236,5.7,-73.987685,40.738533,-73.987685,40.738533,3,1231347300,35.78,91,Rain,20-39
377,14004038,5.0,-73.97872161865234,40.78250122070313,-73.97471618652342,40.79244613647461,2,1434479474,74.03,84,Haze,60-79
378,20172835,6.1,-73.987183,40.754455,-73.975695,40.749828,1,1268837040,55.44,31,Clear,40-59
379,6934903,42.83,40.769745,-73.8635,40.756297,-73.98180699999998,6,1369297020,-72.62,63,Clouds,
380,10566008,17.7,-73.998017,40.730247,-73.948545,40.803833,1,1250795532,84.69,68,Rain,80-99
381,32905709,6.1,-74.001112,40.731527,-73.990635,40.739475,2,1345296180,65.3,91,Rain,60-79
382,3505521,10.5,-73.959952,40.77364,-73.96063199999998,40.757705,1,1348857480,66.42,93,Rain,60-79
383,34065566,4.0,-73.960015,40.776465,-73.960015,40.776465,3,1394210220,30.76,68,Clouds,20-39
384,31997731,5.3,-73.975705,40.786795,-73.963769,40.803808,1,1324066722,47.43,44,Clear,40-59
385,8159912,7.0,-73.97650909423827,40.75100708007813,-73.98258972167969,40.752418518066406,1,1434457563,68.86,82,Haze,60-79
386,36272960,4.0,-73.86616516113281,40.77107620239258,-73.8620376586914,40.76858520507813,6,1424795948,16.56,37,Clouds,0-19
387,21257590,14.1,-74.007711,40.715032,-73.994286,40.681108,1,1252113020,74.17,56,Clouds,60-79
388,39292198,3.5,-73.95245361328125,40.77259826660156,-73.94715118408203,40.77766036987305,1,1429915755,46.35,33,Clear,40-59
389,26111637,6.9,-73.989452,40.75737,-73.980898,40.779585,1,1323517500,41.38,60,Clear,40-59
390,19074905,40.0,-73.98876190185547,40.76932907104492,-73.85296630859375,40.665203094482415,1,1420577046,21.27,67,Haze,20-39
391,43821173,7.0,-73.992757,40.756917,-73.98253299999998,40.76067000000001,5,1363897980,39.29,34,Clouds,20-39
392,21830697,6.1,-73.978452,40.734255,-73.977425,40.73416,1,1236342490,44.76,49,Clouds,40-59
393,16656972,3.7,-73.999625,40.753832,-73.99993,40.761473,1,1237551060,34.2,85,Snow,20-39
394,55181507,5.0,-73.987066,40.756065,-73.983717,40.762867,2,1395871915,33.28,24,Clear,20-39
395,25500254,16.9,-74.00736500000002,40.71171500000001,-73.97270300000002,40.750095,2,1276073760,58.69,69,Clear,40-59
396,8621704,7.7,-73.98848000000002,40.762454,-73.996349,40.740561,1,1326876622,47.01,51,Clouds,40-59
397,12520611,11.5,-73.98612976074219,40.72225570678711,-74.0115966796875,40.70263671875,2,1430546714,49.06,70,Clear,40-59
398,2259007,13.7,-73.983902,40.73011500000001,-73.985955,40.777313,1,1245496980,67.15,80,Clear,60-79
399,44082684,7.5,-74.008455,40.72038,-73.994804,40.728316,1,1359955397,28.67,68,Clouds,20-39
400,36043035,5.3,-73.961,40.760877,-73.963532,40.771422,1,1251305280,83.46,49,Clear,80-99
401,28949986,5.7,-73.975075,40.75936,-73.96316,40.776957,1,1328128680,61.32,43,Clouds,60-79
402,48008859,5.0,-73.995235,40.739847,-74.005207,40.744927,1,1356108120,45.39,74,Clouds,40-59
403,45674852,54.83,-73.98615,40.7596,-73.86721,40.77076,1,1412943480,54.12,52,Clear,40-59
404,51641153,7.7,-73.997941,40.766098,-73.977552,40.764859,2,1337417354,55.9,64,Clear,40-59
405,40305149,7.3,-73.993583,40.736196,-73.974963,40.749891,1,1303288348,45.0,86,Clouds,40-59
406,22542386,15.7,-73.96029200000002,40.77497,-73.98147900000002,40.736482,1,1344533821,86.43,54,Clouds,80-99
407,47461982,5.0,-73.979212,40.783642,-73.975535,40.776922,1,1416201420,41.18,73,Rain,40-59
408,15715679,14.5,-73.959438,40.771837,-74.004355,40.751752,5,1408572360,79.03,43,Clear,60-79
409,9991737,22.0,-73.903398,40.675957,-73.98331999999998,40.738882,1,1377276240,81.1,34,Clouds,80-99
410,41376649,7.0,-73.986137,40.740177,-73.9752,40.753675,1,1353418320,43.2,63,Clear,40-59
411,33805831,13.5,-73.9797134399414,40.75008010864258,-74.01018524169923,40.71976089477539,2,1430746562,71.22,48,Clear,60-79
412,41036875,28.67,-73.994562,40.750408,-73.873058,40.774403,1,1271516940,52.32,73,Rain,40-59
413,11807229,35.5,-74.00656500000002,40.652232,-73.872675,40.74885,6,1356406680,33.49,97,Rain,20-39
414,26652998,49.57,-73.97770799999998,40.77673,-73.783008,40.644043,1,1252608060,66.88,51,Clouds,60-79
415,10627795,14.5,-73.961349,40.765232,-73.991473,40.749311,1,1395415840,46.2,35,Clear,40-59
416,43158747,4.9,-73.954713,40.76548,-73.966945,40.763265,5,1302699540,45.88,84,Rain,40-59
417,41021471,4.5,-73.98024699999998,40.752257,-73.975382,40.761077,1,1263559268,37.92,48,Clear,20-39
418,47754345,5.3,-73.992835,40.746588,-73.980902,40.742237,1,1239130740,44.73,42,Clouds,40-59
419,13154984,6.0,-73.99082946777344,40.7458610534668,-73.98326873779298,40.756141662597656,1,1430851087,83.82,36,Clouds,80-99
420,51396707,7.5,-73.9655532836914,40.758975982666016,-73.97953033447266,40.75484085083008,5,1427282499,36.01,60,Clear,20-39
421,1793537,13.0,-73.964405,40.807488,-73.963003,40.775712,1,1356360582,35.98,51,Clear,20-39
422,46460142,4.0,-73.974532,40.754487,-73.977275,40.747115,2,1412215560,63.36,75,Clouds,60-79
423,29107191,14.0,-73.984791,40.768628,-73.95478100000003,40.778667,1,1419618116,48.31,44,Clear,40-59
424,51041998,19.3,-73.991382,40.750157,-73.96477,40.80708,2,1327502100,39.45,54,Clouds,20-39
425,38935565,9.5,-73.983758,40.693837,-73.967665,40.672874,1,1400441162,64.63,34,Clouds,60-79
426,34834199,5.5,-73.981523,40.737202,-73.982293,40.727905,1,1383323820,64.92,70,Clouds,60-79
427,27989371,5.7,-73.978693,40.749087,-73.969087,40.752437,1,1321971360,46.08,81,Mist,40-59
428,37605443,10.5,-73.999666,40.761432,-73.97664300000002,40.790841,4,1258846721,51.91,59,Clear,40-59
429,12223587,9.0,-74.00151899999999,40.748275,-73.993992,40.736235,1,1377076480,73.62,67,Clear,60-79
430,28724331,6.0,-73.978212,40.750782,-73.971795,40.7601,1,1403265180,67.71,52,Clear,60-79
431,16714978,9.0,-73.99768,40.72186,-73.98550999999998,40.74424000000001,2,1419982740,31.23,40,Clear,20-39
432,53962865,17.0,-73.990797,40.73659,-73.96218,40.76756500000001,6,1405098600,82.9,38,Clear,80-99
433,4464596,6.1,-73.955598,40.788118,-73.95615699999998,40.776465,1,1262613900,21.49,58,Clear,20-39
434,15295963,9.7,-74.010948,40.748615,-74.005542,40.745672,3,1295543520,32.52,52,Clear,20-39
435,23435636,8.5,-73.961828,40.776077,-73.981525,40.780892,6,1387385760,34.16,57,Clear,20-39
436,5613483,36.27,-74.006985,40.705246,-73.871378,40.774371,1,1266397402,28.74,68,Clear,20-39
437,7323856,6.1,-73.98810999999998,40.774836,-73.974293,40.783991,2,1265126828,30.7,42,Clouds,20-39
438,15119388,5.0,-73.97283,40.78257,-73.979485,40.784362,1,1361263800,35.15,40,Clear,20-39
439,48579231,9.5,-74.000642,40.72717,-73.97576,40.730225,2,1363374480,42.31,40,Clouds,40-59
440,39819157,12.1,-73.974659,40.762264,-74.007696,40.719969,1,1246290546,75.51,59,Clouds,60-79
441,24432717,8.5,-73.987637,40.738452,-73.971048,40.76063,2,1296571800,28.94,91,Mist,20-39
442,49020994,5.3,-73.973833,40.748062,-73.986677,40.7369,1,1244408100,77.52,54,Clear,60-79
443,49139827,10.1,-74.008967,40.71355300000001,-73.99110300000002,40.74886,1,1299082560,45.05,53,Clear,40-59
444,48646255,7.3,-73.963658,40.76609000000001,-73.982277,40.765781,1,1286466548,66.36,52,Clear,60-79
445,55224207,4.1,-73.986627,40.750535,-73.993202,40.754632,5,1341243900,85.48,39,Clouds,80-99
446,17551337,50.5,-73.77686700000002,40.645123,-73.94707199999998,40.727033,1,1349633523,53.35,68,Rain,40-59
447,44455670,5.3,-73.97765799999998,40.746238,-73.988691,40.734775,2,1264216447,36.0,54,Clear,20-39
448,12304335,11.7,-73.95608100000003,40.77212100000001,-73.955122,40.809869,1,1280699818,72.64,52,Rain,60-79
449,15809088,9.3,-73.996615,40.731197,-73.996073,40.759137,2,1278636060,75.7,80,Clouds,60-79
450,800996,4.9,-74.004613,40.742159,-73.998983,40.754749,1,1302737172,48.65,100,Fog,40-59
451,15416520,8.9,-73.982664,40.75108400000001,-74.00608199999998,40.741274,2,1256945742,55.6,76,Clouds,40-59
452,54541100,23.7,-73.955973,40.775837,-74.005655,40.731682,5,1323976980,57.9,59,Clouds,40-59
453,32985486,9.5,-74.00409698486328,40.70773696899415,-73.9895782470703,40.72307205200195,2,1424471306,18.46,31,Clear,0-19
454,18857768,13.3,-74.001785,40.740649,-73.951369,40.775168,1,1282774896,70.29,82,Clouds,60-79
455,34036666,13.7,-73.9667,40.804456,-73.987838,40.752383,1,1295260124,19.89,48,Clouds,0-19
456,45279241,8.1,-73.975755,40.763792,-73.978797,40.749915,2,1322325060,61.3,31,Clear,60-79
457,16431304,8.0,-73.95701700000002,40.78038,-73.981397,40.777695,1,1418072220,32.11,65,Clouds,20-39
458,18147897,10.5,-73.990248,40.77200300000001,-73.982837,40.742383,5,1292178960,53.92,92,Rain,40-59
459,16036304,16.1,-74.01038299999998,40.712235,-73.955076,40.767173,1,1261639756,24.89,63,Clear,20-39
460,52436013,4.9,-73.97062,40.763176,-73.97930500000002,40.756133,1,1326271335,39.49,55,Clear,20-39
461,9466736,6.9,-73.97533299999998,40.733032,-73.98558100000002,40.74665,1,1330952673,34.14,48,Clear,20-39
462,43990622,8.1,-73.959879,40.813671,-73.973262,40.784857,1,1261668000,31.06,67,Clear,20-39
463,49637324,26.1,-73.77669200000003,40.64538,-73.784329,40.741176,1,1246081280,67.35,81,Clear,60-79
464,46818306,15.0,-73.99918000000002,40.74471,-73.94879300000002,40.774127,1,1388570160,24.8,47,Clear,20-39
465,48981622,10.0,-73.98480224609375,40.719551086425774,-73.96949768066406,40.74871063232422,1,1423698945,31.75,43,Clear,20-39
466,24348259,26.27,-73.985858,40.731073,-73.962245,40.712993,1,1284558072,61.83,54,Clear,60-79
467,34565273,16.0,-73.976452,40.788245,-73.98455799999998,40.7485,2,1351875114,51.51,47,Clouds,40-59
468,40477356,32.27,-73.870802,40.773743,-73.85347800000002,40.852936,1,1266239963,29.57,60,Clouds,20-39
469,37738156,8.9,-74.001427,40.71996,-73.98779300000002,40.728637,1,1270405260,71.91,25,Clear,60-79
470,54569343,10.0,-73.991508,40.749885,-73.974197,40.758667,1,1375701008,62.76,66,Clear,60-79
471,25233819,8.1,-73.98832800000002,40.731923,-73.990957,40.755475,1,1299104340,45.21,51,Clouds,40-59
472,37594684,10.0,-73.98058,40.754367,-74.007225,40.740247,1,1368353640,59.81,68,Rain,40-59
473,27908007,9.7,-73.944558,40.776495,-73.97728199999997,40.791,1,1271373720,67.06,27,Clouds,60-79
474,36863009,7.7,-73.976619,40.755991,-73.991803,40.749348,1,1302958320,42.78,71,Clouds,40-59
475,51932595,14.1,-73.953085,40.767827,-73.991675,40.759732,5,1339661460,64.85,85,Clouds,60-79
476,32230959,8.0,-73.94855499267578,40.82923889160156,-73.94312286376955,40.814979553222656,5,1431681851,55.17,57,Clear,40-59
477,11620453,7.7,-74.00030699999998,40.75264,-73.99364399999997,40.745751,2,1334962995,61.16,58,Clouds,60-79
478,39678891,23.7,-73.873008,40.774123,-73.9916,40.694864,1,1278721109,80.94,69,Clouds,80-99
479,21559747,5.0,-73.945633,40.78211500000001,-73.93845999999998,40.79316,1,1366650060,50.65,53,Clouds,40-59
480,22792615,9.5,-74.01029968261719,40.719146728515625,-73.98798370361328,40.73764419555664,1,1432944955,71.55,58,Clear,60-79
481,53715000,8.0,-73.996592,40.725652,-73.985217,40.731617,2,1395430906,51.37,25,Clear,40-59
482,53056341,7.3,-73.97370500000002,40.738362,-73.985807,40.740841,2,1344115080,84.83,62,Clear,80-99
483,51678648,5.3,-73.996916,40.725597,-73.983712,40.721653,1,1334273495,54.54,38,Clouds,40-59
484,50924286,20.5,-73.97418,40.75994,-74.008718,40.70424000000001,1,1361807907,42.6,50,Clear,40-59
485,22645629,8.5,-73.97320500000002,40.754763,-73.991128,40.749355,1,1328287560,33.55,55,Clouds,20-39
486,35178037,10.5,-73.98719787597656,40.729339599609375,-74.0042953491211,40.70740509033203,1,1428361188,55.78,57,Clear,40-59
487,4902469,9.5,-73.97920500000002,40.766607,-73.964525,40.77305,3,1352396460,43.43,48,Clear,40-59
488,54262748,8.5,-73.998887,40.764533,-73.983855,40.76643,0,1305809568,63.05,93,Mist,60-79
489,32235576,4.1,-73.96529699999998,40.771871,-73.955737,40.769323,1,1272122602,62.69,23,Clear,60-79
490,34876499,6.1,-73.987995,40.766362,-73.982422,40.774342,2,1284641880,61.03,58,Clear,60-79
491,24954506,5.3,-73.980961,40.782372,-73.980579,40.765704,1,1312537016,71.56,77,Clear,60-79
492,51550437,7.7,-73.978849,40.745127,-74.00414599999998,40.742691,3,1256943245,55.81,75,Clouds,40-59
493,36151044,12.5,-73.97865,40.76203,-73.985697,40.746917,6,1365706440,59.85,63,Clouds,40-59
494,25538819,6.5,-73.966537,40.761793,-73.952465,40.769863,1,1347393000,72.97,36,Clear,60-79
495,50507061,10.5,-73.974228,40.750707,-74.006602,40.730268,5,1233352320,34.32,57,Clouds,20-39
496,42980782,26.0,-73.964907,40.772397,-74.006293,40.708735,1,1354635240,54.93,95,Mist,40-59
497,6051754,4.5,-73.98831176757811,40.75925827026367,-73.9837188720703,40.76298522949219,2,1423235432,17.42,44,Clear,0-19
498,18519663,11.3,-73.999769,40.726923,-73.990123,40.759822,2,1245800471,72.03,78,Rain,60-79
499,26201694,6.2,-73.964513,40.802249,-73.97427900000002,40.795757,1,1238032897,44.65,33,Clear,40-59
500,49601150,171.35,-74.291586,40.768783,-74.291589,40.768786,1,1389143346,6.3,51,Clear,0-19
501,7640034,9.3,-73.99025,40.772085,-73.985812,40.741108,1,1303627287,57.81,93,Mist,40-59
502,49425241,5.3,-73.976625,40.751591,-73.970619,40.764566,4,1319148002,61.95,60,Clouds,60-79
503,688913,16.0,-74.007358,40.703732,-73.999528,40.75404,1,1374482492,76.06,81,Rain,60-79
504,47758297,25.7,-73.970108,40.74894000000001,-73.8854,40.773093,1,1305910680,66.13,81,Rain,60-79
505,19342336,16.83,-73.981187,40.753374,-73.952838,40.733205,1,1413928652,63.03,70,Rain,60-79
506,38444283,6.5,-73.997155,40.721442,-73.99505699999997,40.72066,2,1383973260,42.69,45,Clear,40-59
507,38444283,6.5,-73.997155,40.721442,-73.99505699999997,40.72066,2,1383973260,41.49,38,Clear,40-59
508,49406949,22.0,-74.00524200000002,40.721442,-74.000312,40.75337,1,1352231160,42.69,45,Clear,40-59
509,49406949,22.0,-74.00524200000002,40.721442,-74.000312,40.75337,1,1352231160,41.49,38,Clear,40-59
510,44370744,24.1,-73.966227,40.76809,-73.99584,40.691464,1,1285675388,69.33,90,Haze,60-79
511,42712633,7.5,-73.95333099365234,40.767539978027344,-73.97090148925781,40.7830696105957,1,1433277740,54.07,90,Rain,40-59
512,37274695,5.7,-73.99964200000002,40.743322,-74.008065,40.738985,1,1233270900,32.45,50,Clear,20-39
513,10950193,7.7,-73.980094,40.753387,-73.981493,40.764413,1,1322769136,48.65,48,Clear,40-59
514,1100971,13.0,-73.99202728271484,40.74903106689453,-73.96904754638672,40.75210571289063,1,1424964658,23.4,47,Snow,20-39
515,30854207,23.7,-74.006185,40.733482,-73.94103299999998,40.844252,1,1325219760,38.07,58,Clouds,20-39
516,27507836,7.5,-73.973947,40.77912,-73.96599,40.767672,1,1388869560,25.43,38,Clear,20-39
517,49281937,13.5,-73.98979949951173,40.77078628540039,-73.98782348632812,40.74493408203125,1,1433146671,57.25,90,Rain,40-59
518,27986764,7.3,-73.991862,40.7311,-74.009417,40.70952800000001,1,1256196360,56.16,76,Fog,40-59
519,18417151,4.1,-73.955478,40.773522,-73.95363,40.767137,1,1307661240,72.9,73,Mist,60-79
520,44874461,21.5,-74.010909,40.729142,-73.983744,40.739113,1,1377810275,78.8,61,Rain,60-79
521,10069340,16.1,-73.955179,40.804757,-73.984911,40.751201,1,1321800988,60.33,70,Clouds,60-79
522,2720082,10.5,-73.9954833984375,40.739173889160156,-74.00767517089844,40.743064880371094,1,1423399353,35.26,80,Haze,20-39
523,4065099,57.33,-73.77672,40.645481,-73.963162,40.757901,1,1379999882,53.08,68,Clear,40-59
524,30201875,7.3,-73.99089000000002,40.730407,-74.00794499999998,40.727404,2,1334760603,57.16,38,Clear,40-59
525,44707022,7.3,-73.971574,40.762263,-73.951313,40.785933,1,1281382282,86.04,55,Clear,80-99
526,51636466,11.5,-73.99363000000002,40.77046,-73.97763,40.75394,1,1415832600,55.9,47,Clear,40-59
527,40299905,11.7,-74.00192,40.733742,-73.971305,40.693223,5,1263752040,36.46,91,Rain,20-39
528,33454173,9.0,-74.003559,40.748429,-73.990065,40.766958,4,1388257919,53.44,33,Clear,40-59
529,46364018,5.3,-73.986723,40.739327,-73.971847,40.754448,1,1254649500,61.05,94,Mist,60-79
530,53397491,12.1,-73.975627,40.755145,-73.974967,40.73281,1,1259677980,39.63,59,Clouds,20-39
531,7038251,8.5,-74.00603199999998,40.735735,-74.004225,40.716732,1,1365720120,50.79,79,Clouds,40-59
532,31816360,10.5,-73.988879,40.748164,-73.97945899999998,40.784011,1,1406437882,74.03,77,Clear,60-79
533,1271673,24.5,-73.95352935791014,40.681655883789055,-73.87542724609375,40.702430725097656,1,1431421608,68.18,89,Mist,60-79
534,9532343,45.0,-73.97753900000002,40.758029,-74.036556,40.747577,1,1323226967,55.9,94,Mist,40-59
535,15205391,9.7,-73.983971,40.755019,-73.99589499999998,40.733005,1,1245366066,63.19,96,Mist,60-79
